,Item in cart,Recommendation,Item Support,Support,Confidence,Lift,Leverage,Conviction
0,RED ORCHID,GREEN ORCHID,0.24944320712694878,0.133630289532294,0.5357142857142857,3.3407738095238093,0.09363048794400822,1.8084632516703785
1,RED ORCHID,BONSAI PINE,0.24944320712694878,0.0757238307349666,0.30357142857142855,2.163548752834467,0.04072400434521654,1.2344240762949006
2,RED ORCHID,SWEET WILLIAM,0.24944320712694878,0.07126948775055679,0.2857142857142857,2.7294832826747717,0.045158506158203576,1.2534521158129175
3,RED ORCHID,WHITE ORCHID,0.24944320712694878,0.0645879732739421,0.25892857142857145,2.0044642857142856,0.032365910883378556,1.1750878793570718
4,RED ORCHID,SUNFLOWER,0.24944320712694878,0.05790645879732739,0.23214285714285712,1.9666442048517518,0.028462160405950364,1.1485989537473453
5,RED ORCHID,WHITE RED ROSE,0.24944320712694878,0.04899777282850779,0.1964285714285714,1.7999271137026236,0.021775685636479972,1.1086364761197722
6,RED ORCHID,CHERRY TREE,0.24944320712694878,0.0467706013363029,0.1875,1.913352272727273,0.02232627814346159,1.1101593284221347
7,RED ORCHID,BONSAI JUNIPER,0.24944320712694878,0.044543429844097995,0.17857142857142858,2.2271825396825395,0.024543529049955107,1.1197830928633679
8,RED ORCHID,GREEN ORCHID,0.24944320712694878,0.042316258351893093,0.16964285714285712,3.311723602484472,0.029538543955635137,1.1426108197427975
9,RED ORCHID,BONSAI PINE,0.24944320712694878,0.042316258351893093,0.16964285714285712,3.4622564935064934,0.030094096755472442,1.145293004765668
10,RED ORCHID,YELLOW LILY,0.24944320712694878,0.0400890868596882,0.16071428571428573,1.1454081632653061,0.005089260469938142,1.024309339904279
11,RED ORCHID,CHARLOTTE BAG APPLES DESIGN,0.24944320712694878,0.0400890868596882,0.16071428571428573,2.405357142857143,0.023422502864569126,1.1118798275126758
12,RED ORCHID,BONSAI PINE,0.24944320712694878,0.0400890868596882,0.16071428571428573,2.327764976958526,0.022866950064731825,1.1092261763730276
13,RED ORCHID,GREEN ORCHID,0.24944320712694878,0.0400890868596882,0.16071428571428573,3.4362244897959187,0.02842247806310485,1.1357626877695113
14,RED ORCHID,RED RETROSPOT MINI CASES,0.24944320712694878,0.0378619153674833,0.15178571428571427,2.27172619047619,0.021195331372364224,1.100175829328332
15,RED ORCHID,RED RETROSPOT CUP,0.24944320712694878,0.0378619153674833,0.15178571428571427,2.1297433035714284,0.02008422577268962,1.0949243933888173
16,RED ORCHID,WOODLAND PARTY BAG + STICKER SET,0.24944320712694878,0.0378619153674833,0.15178571428571427,2.1984447004608296,0.020639778572526923,1.0975501113585746
17,RED ORCHID,PACK OF 20 NAPKINS RED APPLES,0.24944320712694878,0.0378619153674833,0.15178571428571427,2.5241402116402116,0.02286198977187613,1.108052983237604
18,RED ORCHID,BONSAI ACER BUERGERIANUM,0.24944320712694878,0.0378619153674833,0.15178571428571427,1.8931051587301584,0.01786201457334041,1.0844215215097879
19,RED ORCHID,BONSAI ELM,0.24944320712694878,0.0378619153674833,0.15178571428571427,1.481560559006211,0.012306486574967385,1.0581643418122144
20,RED ORCHID,GREEN ORCHID,0.24944320712694878,0.0378619153674833,0.15178571428571427,3.7862103174603168,0.02786196497041185,1.1316844449654202
21,RED ORCHID,6 RIBBONS RUSTIC CHARM,0.24944320712694878,0.035634743875278395,0.14285714285714285,1.3647416413373858,0.009523762282925181,1.0445434298440979
22,RED ORCHID,LUNCH BOX WITH CUTLERY RETROSPOT,0.24944320712694878,0.035634743875278395,0.14285714285714285,2.211822660098522,0.019523712679996624,1.0913140311804008
23,RED ORCHID,GUMBALL COAT RACK,0.24944320712694878,0.035634743875278395,0.14285714285714285,1.9437229437229437,0.017301501480647415,1.0809205642167778
24,RED ORCHID,LUNCH BAG APPLE DESIGN,0.24944320712694878,0.035634743875278395,0.14285714285714285,2.290816326530612,0.02007926547983393,1.0939123979213066
25,RED ORCHID,BONSAI PINE,0.24944320712694878,0.035634743875278395,0.14285714285714285,2.290816326530612,0.02007926547983393,1.0939123979213066
26,RED ORCHID,BLUE HARMONICA IN BOX,0.24944320712694878,0.0334075723830735,0.13392857142857142,2.7333603896103895,0.02118541078665285,1.0980644272495579
27,RED ORCHID,COFFEE MUG APPLES DESIGN,0.24944320712694878,0.0334075723830735,0.13392857142857142,2.1476403061224487,0.017852093987629034,1.0826349505200559
28,RED ORCHID,PACK OF 20 NAPKINS PANTRY DESIGN,0.24944320712694878,0.0334075723830735,0.13392857142857142,2.1476403061224487,0.017852093987629034,1.0826349505200559
29,RED ORCHID,BONSAI DISZGALAGONYA,0.24944320712694878,0.031180400890868598,0.125,1.75390625,0.013402711296074923,1.0614062997136495
30,RED ORCHID,SET OF 2 TEA TOWELS APPLE AND PEARS,0.24944320712694878,0.031180400890868598,0.125,2.5511363636363638,0.018958239294447947,1.086859688195991
31,RED ORCHID,JAM JAR WITH PINK LID,0.24944320712694878,0.031180400890868598,0.125,1.9353448275862069,0.015069369695586827,1.069042316258352
32,RED ORCHID,VIOLET ORCHID,0.24944320712694878,0.031180400890868598,0.125,1.75390625,0.013402711296074923,1.0614062997136495
33,RED ORCHID,WHITE ORCHID,0.24944320712694878,0.031180400890868598,0.125,2.0787037037037037,0.016180475295261433,1.07413299395482
34,RED ORCHID,CHARLOTTE BAG APPLES DESIGN,0.24944320712694878,0.031180400890868598,0.125,3.7416666666666663,0.022847108893309064,1.1046770601336304
35,GREEN ORCHID,RED ORCHID,0.1603563474387528,0.133630289532294,0.8333333333333334,3.3407738095238098,0.09363048794400822,4.503340757238308
36,GREEN ORCHID,SUNFLOWER,0.1603563474387528,0.051224944320712694,0.3194444444444444,2.706236897274633,0.03229646678339889,1.295941093586655
37,GREEN ORCHID,BONSAI PINE,0.1603563474387528,0.04899777282850779,0.3055555555555555,2.1776895943562606,0.02649788443509704,1.2379510022271716
38,GREEN ORCHID,WHITE ORCHID,0.1603563474387528,0.0467706013363029,0.2916666666666667,2.2579022988505746,0.02605641837094062,1.2293986636971048
39,GREEN ORCHID,RED ORCHID,0.1603563474387528,0.042316258351893093,0.26388888888888884,4.557158119658119,0.03303059012604104,1.2798251880489138
40,GREEN ORCHID,RED ORCHID,0.1603563474387528,0.042316258351893093,0.26388888888888884,3.484885620915032,0.030173461441163483,1.2556204563600453
41,GREEN ORCHID,SWEET WILLIAM,0.1603563474387528,0.0400890868596882,0.25,2.3882978723404253,0.02330345583603256,1.1937639198218262
42,GREEN ORCHID,RED ORCHID,0.1603563474387528,0.0400890868596882,0.25,3.8706896551724137,0.02973199537700706,1.247216035634744
43,GREEN ORCHID,RED ORCHID,0.1603563474387528,0.0378619153674833,0.2361111111111111,3.3129340277777777,0.026433400627973076,1.2157926705810895
44,GREEN ORCHID,WHITE RED ROSE,0.1603563474387528,0.035634743875278395,0.2222222222222222,2.0362811791383217,0.018134830680403367,1.145402481705377
45,GREEN ORCHID,LUNCH BOX WITH CUTLERY RETROSPOT,0.1603563474387528,0.0334075723830735,0.20833333333333334,3.2255747126436782,0.023050480900392363,1.18157308639081
46,GREEN ORCHID,CHARLOTTE BAG APPLES DESIGN,0.1603563474387528,0.0334075723830735,0.20833333333333334,3.1180555555555554,0.022693339814782665,1.1787598171374984
47,GREEN ORCHID,BONSAI JUNIPER,0.1603563474387528,0.031180400890868598,0.19444444444444445,2.4251543209876543,0.018323321808919598,1.1418477843483603
48,GREEN ORCHID,RED ORCHID,0.1603563474387528,0.031180400890868598,0.19444444444444445,4.8503086419753085,0.0247518613498941,1.191613547346594
49,BONSAI PINE,RED ORCHID,0.1403118040089087,0.0757238307349666,0.5396825396825397,2.163548752834467,0.04072400434521654,1.6305199293449042
50,BONSAI PINE,SUNFLOWER,0.1403118040089087,0.06904231625835189,0.492063492063492,4.168613357292602,0.05247989841320231,1.7363585746102448
51,BONSAI PINE,WHITE RED ROSE,0.1403118040089087,0.062360801781737196,0.4444444444444444,4.0725623582766435,0.047048377736221544,1.6035634743875276
52,BONSAI PINE,GREEN ORCHID,0.1403118040089087,0.04899777282850779,0.3492063492063492,2.1776895943562606,0.02649788443509704,1.290184149057526
53,YELLOW LILY,6 RIBBONS RUSTIC CHARM,0.1403118040089087,0.042316258351893093,0.30158730158730157,2.88112124282337,0.02762883120619441,1.2819396638995748
54,BONSAI PINE,RED ORCHID,0.1403118040089087,0.042316258351893093,0.30158730158730157,2.2568783068783067,0.023566351357384135,1.2404839036242155
55,YELLOW LILY,RED ORCHID,0.1403118040089087,0.0400890868596882,0.2857142857142857,1.145408163265306,0.005089260469938142,1.0507795100222717
56,BONSAI PINE,RED ORCHID,0.1403118040089087,0.0400890868596882,0.2857142857142857,4.934065934065934,0.03196412716206765,1.3189309576837416
57,YELLOW LILY,SUNFLOWER,0.1403118040089087,0.0378619153674833,0.2698412698412698,2.2860137765798143,0.02129949752233372,1.2079016171201702
58,BONSAI PINE,VIOLET ORCHID,0.1403118040089087,0.035634743875278395,0.25396825396825395,3.5634920634920633,0.025634793478206953,1.2448940908875517
59,BONSAI PINE,CHERRY TREE,0.1403118040089087,0.035634743875278395,0.25396825396825395,2.5916305916305915,0.021884812079305163,1.2090698005022982
60,BONSAI PINE,WHITE RED ROSE,0.1403118040089087,0.035634743875278395,0.25396825396825395,5.183261183261183,0.02875977797729178,1.274747666208596
61,BONSAI PINE,RED ORCHID,0.1403118040089087,0.035634743875278395,0.25396825396825395,5.183261183261183,0.02875977797729178,1.274747666208596
62,YELLOW LILY,JAM MAKING SET PRINTED,0.1403118040089087,0.0334075723830735,0.2380952380952381,2.5453514739229024,0.020282637486917228,1.1897271714922049
63,BONSAI PINE,WHITE ORCHID,0.1403118040089087,0.0334075723830735,0.2380952380952381,1.8431855500821017,0.015282662288381509,1.1429565701559021
64,RED ORCHID,SUNFLOWER,0.133630289532294,0.042316258351893093,0.3166666666666666,2.6827044025157227,0.026542527070798256,1.2906730403606932
65,RED ORCHID,BONSAI PINE,0.133630289532294,0.042316258351893093,0.3166666666666666,2.2568783068783063,0.023566351357384135,1.2580802868162313
66,RED ORCHID,WHITE ORCHID,0.133630289532294,0.0400890868596882,0.3,2.322413793103448,0.0228272677218863,1.2440343620744512
67,RED ORCHID,SWEET WILLIAM,0.133630289532294,0.0378619153674833,0.2833333333333333,2.7067375886524823,0.023873889514436933,1.249287823069353
68,RED ORCHID,CHARLOTTE BAG APPLES DESIGN,0.133630289532294,0.031180400890868598,0.2333333333333333,3.4922222222222215,0.022251873750626237,1.2171976372615472
69,WHITE ORCHID,RED ORCHID,0.1291759465478842,0.0645879732739421,0.5,2.0044642857142856,0.032365910883378556,1.5011135857461024
70,WHITE ORCHID,BONSAI DISZGALAGONYA,0.1291759465478842,0.060133630289532294,0.46551724137931033,6.531788793103448,0.05092732674937128,1.737624829369926
71,WHITE ORCHID,BONSAI ELM,0.1291759465478842,0.04899777282850779,0.37931034482758613,3.7023988005996995,0.03576371148952634,1.4460529571888143
72,WHITE ORCHID,GREEN ORCHID,0.1291759465478842,0.0467706013363029,0.3620689655172414,2.2579022988505746,0.02605641837094062,1.3161981580689819
73,WHITE ORCHID,RED ORCHID,0.1291759465478842,0.0400890868596882,0.3103448275862069,2.3224137931034483,0.0228272677218863,1.2562360801781736
74,WHITE ORCHID,CHARLOTTE BAG SUKI DESIGN,0.1291759465478842,0.0378619153674833,0.29310344827586204,6.266830870279145,0.03182027866925263,1.3484708566462056
75,WHITE ORCHID,CHERRY TREE,0.1291759465478842,0.0378619153674833,0.29310344827586204,2.990987460815047,0.025203247999761907,1.2760063012656853
76,WHITE ORCHID,SWEET WILLIAM,0.1291759465478842,0.0334075723830735,0.25862068965517243,2.4706529713866474,0.019885814058462015,1.2076448956337078
77,WHITE ORCHID,BONSAI PINE,0.1291759465478842,0.0334075723830735,0.25862068965517243,1.843185550082102,0.015282662288381509,1.1595794271507744
78,WHITE ORCHID,CHARLOTTE BAG APPLES DESIGN,0.1291759465478842,0.0334075723830735,0.25862068965517243,3.8706896551724137,0.02477666281417255,1.2587144558968248
79,WHITE ORCHID,BONSAI ACER BUERGERIANUM,0.1291759465478842,0.0334075723830735,0.25862068965517243,3.2255747126436782,0.023050480900392363,1.2406899052157248
80,WHITE ORCHID,RED ORCHID,0.1291759465478842,0.031180400890868598,0.24137931034482757,7.7413793103448265,0.027152643092048154,1.277080380643855
81,SUNFLOWER,BONSAI PINE,0.11804008908685969,0.06904231625835189,0.5849056603773585,4.168613357292602,0.05247989841320231,2.0710670176149018
82,SUNFLOWER,RED ORCHID,0.11804008908685969,0.05790645879732739,0.49056603773584906,1.9666442048517518,0.028462160405950364,1.4733151860100635
83,SUNFLOWER,GREEN ORCHID,0.11804008908685969,0.051224944320712694,0.4339622641509434,2.706236897274633,0.03229646678339889,1.4833704528582035
84,SUNFLOWER,WHITE RED ROSE,0.11804008908685969,0.04899777282850779,0.4150943396226415,3.8036195610319594,0.03611589228228034,1.523097923701415
85,SUNFLOWER,VIOLET ORCHID,0.11804008908685969,0.04899777282850779,0.4150943396226415,5.824292452830188,0.04058511614525721,1.5878295854587252
86,SUNFLOWER,RED ORCHID,0.11804008908685969,0.042316258351893093,0.3584905660377358,2.6827044025157227,0.026542527070798256,1.3505174898467178
87,SUNFLOWER,RED ORCHID,0.11804008908685969,0.0400890868596882,0.339622641509434,4.485016648168702,0.03115063913373446,1.399618199172765
88,SUNFLOWER,YELLOW LILY,0.11804008908685969,0.0378619153674833,0.32075471698113206,2.2860137765798143,0.02129949752233372,1.2656520663202178
89,SUNFLOWER,BONSAI PINE,0.11804008908685969,0.035634743875278395,0.3018867924528302,4.840970350404312,0.02827366927743414,1.3431047974477817
90,WHITE RED ROSE,BONSAI PINE,0.1091314031180401,0.062360801781737196,0.5714285714285714,4.0725623582766435,0.047048377736221544,2.005939123979213
91,WHITE RED ROSE,SUNFLOWER,0.1091314031180401,0.04899777282850779,0.44897959183673464,3.8036195610319594,0.03611589228228034,1.6005939123979211
92,WHITE RED ROSE,RED ORCHID,0.1091314031180401,0.04899777282850779,0.44897959183673464,1.7999271137026236,0.021775685636479972,1.3621215870659076
93,WHITE RED ROSE,GREEN ORCHID,0.1091314031180401,0.035634743875278395,0.32653061224489793,2.0362811791383217,0.018134830680403367,1.2467436053182153
94,WHITE RED ROSE,BONSAI PINE,0.1091314031180401,0.035634743875278395,0.32653061224489793,4.729427254772877,0.028100059027484983,1.382331106161841
95,WHITE RED ROSE,RED ORCHID,0.1091314031180401,0.035634743875278395,0.32653061224489793,4.312124849939976,0.027370895977698522,1.3724100695147465
96,WHITE RED ROSE,SWEET WILLIAM,0.1091314031180401,0.031180400890868598,0.2857142857142857,2.7294832826747717,0.019756846444214066,1.2534521158129175
97,WHITE RED ROSE,VIOLET ORCHID,0.1091314031180401,0.031180400890868598,0.2857142857142857,4.008928571428571,0.023402661693146365,1.3002227171492204
98,SWEET WILLIAM,RED ORCHID,0.10467706013363029,0.07126948775055679,0.6808510638297872,2.7294832826747717,0.045158506158203576,2.351744617668894
99,6 RIBBONS RUSTIC CHARM,YELLOW LILY,0.10467706013363029,0.042316258351893093,0.40425531914893614,2.88112124282337,0.02762883120619441,1.4430480432707606
100,SWEET WILLIAM,GREEN ORCHID,0.10467706013363029,0.0400890868596882,0.3829787234042553,2.3882978723404253,0.02330345583603256,1.3608017817371938
101,SWEET WILLIAM,RED ORCHID,0.10467706013363029,0.0378619153674833,0.3617021276595745,2.7067375886524823,0.023873889514436933,1.357312546399406
102,6 RIBBONS RUSTIC CHARM,RED ORCHID,0.10467706013363029,0.035634743875278395,0.3404255319148936,1.3647416413373858,0.009523762282925181,1.137940944033336
103,SWEET WILLIAM,WHITE ORCHID,0.10467706013363029,0.0334075723830735,0.3191489361702128,2.470652971386647,0.019885814058462015,1.2790228285077951
104,SWEET WILLIAM,WHITE RED ROSE,0.10467706013363029,0.031180400890868598,0.2978723404255319,2.7294832826747717,0.019756846444214066,1.2688128501046094
105,BONSAI ELM,WHITE ORCHID,0.10244988864142539,0.04899777282850779,0.47826086956521735,3.7023988005996995,0.03576371148952634,1.6690794357832215
106,BONSAI ELM,JUMBO BAG RED RETROSPOT,0.10244988864142539,0.04899777282850779,0.47826086956521735,5.964975845410627,0.04078352785948482,1.7629918337045283
107,BONSAI ELM,RED ORCHID,0.10244988864142539,0.0378619153674833,0.3695652173913044,1.4815605590062113,0.012306486574967385,1.190538361108978
108,CHERRY TREE,RED ORCHID,0.09799554565701558,0.0467706013363029,0.47727272727272735,1.913352272727273,0.02232627814346159,1.435847777670185
109,CHERRY TREE,WHITE ORCHID,0.09799554565701558,0.0378619153674833,0.3863636363636364,2.990987460815047,0.025203247999761907,1.4191206796997444
110,CHERRY TREE,BONSAI PINE,0.09799554565701558,0.035634743875278395,0.36363636363636365,2.5916305916305915,0.021884812079305163,1.3509385937002865
111,JAM MAKING SET PRINTED,YELLOW LILY,0.0935412026726058,0.0334075723830735,0.35714285714285715,2.5453514739229024,0.020282637486917228,1.3372927493194755
112,JUMBO BAG RED RETROSPOT,BONSAI ELM,0.0801781737193764,0.04899777282850779,0.611111111111111,5.964975845410628,0.04078352785948482,2.3079860006363346
113,BONSAI JUNIPER,RED ORCHID,0.0801781737193764,0.044543429844097995,0.5555555555555555,2.227182539682539,0.024543529049955107,1.688752783964365
114,BONSAI ACER BUERGERIANUM,RED ORCHID,0.0801781737193764,0.0378619153674833,0.4722222222222222,1.8931051587301586,0.01786201457334041,1.4221076075489392
115,BONSAI ACER BUERGERIANUM,LUNCH BAG RED RETROSPOT,0.0801781737193764,0.0334075723830735,0.4166666666666667,9.354166666666668,0.029836161526976556,1.6379255488386895
116,BONSAI JUNIPER,LUNCH BOX WITH CUTLERY RETROSPOT,0.0801781737193764,0.0334075723830735,0.4166666666666667,6.4511494252873565,0.02822902664173293,1.603563474387528
117,JUMBO BAG RED RETROSPOT,JUMBO BAG PINK POLKADOT,0.0801781737193764,0.0334075723830735,0.4166666666666667,11.692708333333334,0.030550443698195946,1.6531975819280944
118,BONSAI ACER BUERGERIANUM,WHITE ORCHID,0.0801781737193764,0.0334075723830735,0.4166666666666667,3.2255747126436782,0.023050480900392363,1.4928412344893416
119,BONSAI JUNIPER,SKULL LUNCH BOX WITH CUTLERY,0.0801781737193764,0.031180400890868598,0.3888888888888889,6.715811965811966,0.02653756677794257,1.5416076128771006
120,BONSAI JUNIPER,GREEN ORCHID,0.0801781737193764,0.031180400890868598,0.3888888888888889,2.4251543209876543,0.018323321808919598,1.373962340554768
121,SET OF 4 KNICK KNACK TINS DOILY,STORAGE TIN VINTAGE DOILY,0.0779510022271715,0.0334075723830735,0.4285714285714286,9.16326530612245,0.0297617571341412,1.6681514476614698
122,SET OF 4 KNICK KNACK TINS DOILY,SET OF 3 REGENCY CAKE TINS,0.0779510022271715,0.0334075723830735,0.4285714285714286,6.013392857142858,0.027852044384700476,1.6252783964365258
123,RED ORCHID,GREEN ORCHID,0.0757238307349666,0.042316258351893093,0.5588235294117647,3.4848856209150325,0.030173461441163483,1.903192279138827
124,RED ORCHID,SUNFLOWER,0.0757238307349666,0.0400890868596882,0.5294117647058824,4.485016648168702,0.03115063913373446,1.8741648106904232
125,RED ORCHID,WHITE RED ROSE,0.0757238307349666,0.035634743875278395,0.47058823529411764,4.312124849939976,0.027370895977698522,1.6827517941103687
126,GUMBALL COAT RACK,RED ORCHID,0.07349665924276169,0.035634743875278395,0.4848484848484848,1.9437229437229435,0.017301501480647415,1.4569631861653347
127,BONSAI DISZGALAGONYA,WHITE ORCHID,0.07126948775055679,0.060133630289532294,0.84375,6.5317887931034475,0.05092732674937128,5.573273942093541
128,VIOLET ORCHID,SUNFLOWER,0.07126948775055679,0.04899777282850779,0.6875,5.824292452830189,0.04058511614525721,2.822271714922049
129,RED RETROSPOT CUP,RED ORCHID,0.07126948775055679,0.0378619153674833,0.53125,2.1297433035714284,0.02008422577268962,1.6011878247958427
130,RED ORCHID,GREEN ORCHID,0.07126948775055679,0.0378619153674833,0.53125,3.3129340277777777,0.026433400627973076,1.7912397921306606
131,RED RETROSPOT CUP,BLUE POLKADOT CUP,0.07126948775055679,0.035634743875278395,0.5,10.204545454545455,0.03214269770487249,1.9020044543429844
132,VIOLET ORCHID,BONSAI PINE,0.07126948775055679,0.035634743875278395,0.5,3.5634920634920633,0.025634793478206953,1.7193763919821827
133,SET OF 3 REGENCY CAKE TINS,SET OF 4 KNICK KNACK TINS DOILY,0.07126948775055679,0.0334075723830735,0.46875000000000006,6.013392857142858,0.027852044384700476,1.7356216428665008
134,VIOLET ORCHID,WHITE RED ROSE,0.07126948775055679,0.031180400890868598,0.43750000000000006,4.008928571428572,0.023402661693146365,1.5837663944568174
135,RED RETROSPOT CUP,PINK  POLKADOT CUP,0.07126948775055679,0.031180400890868598,0.43750000000000006,10.913194444444445,0.028323272205991044,1.706508290027221
136,RED RETROSPOT CUP,RED RETROSPOT PLATE,0.07126948775055679,0.031180400890868598,0.43750000000000006,9.354166666666668,0.027847084091844783,1.6946300420687948
137,BONSAI DISZGALAGONYA,RED ORCHID,0.07126948775055679,0.031180400890868598,0.43750000000000006,1.7539062500000002,0.013402711296074923,1.3343231873298689
138,SET OF 3 REGENCY CAKE TINS,STORAGE TIN VINTAGE DOILY,0.07126948775055679,0.031180400890868598,0.43750000000000006,9.354166666666668,0.027847084091844783,1.6946300420687948
139,VIOLET ORCHID,RED ORCHID,0.07126948775055679,0.031180400890868598,0.43750000000000006,1.7539062500000002,0.013402711296074923,1.3343231873298689
140,BONSAI DISZGALAGONYA,RED ORCHID,0.07126948775055679,0.031180400890868598,0.43750000000000006,6.773706896551724,0.026577249120788092,1.6629547141796586
141,BONSAI PINE,RED ORCHID,0.06904231625835189,0.0400890868596882,0.5806451612903226,2.3277649769585254,0.022866950064731825,1.7897892753126607
142,WOODLAND PARTY BAG + STICKER SET,RED ORCHID,0.06904231625835189,0.0378619153674833,0.5483870967741936,2.1984447004608296,0.020639778572526923,1.6619471842188993
143,BONSAI PINE,WHITE RED ROSE,0.06904231625835189,0.035634743875278395,0.5161290322580645,4.729427254772877,0.028100059027484983,1.8411284335560503
144,WOODLAND PARTY BAG + STICKER SET,RETROSPOT PARTY BAG + STICKER SET,0.06904231625835189,0.031180400890868598,0.4516129032258065,7.241935483870968,0.026874866692129504,1.7098126555744793
145,CHARLOTTE BAG APPLES DESIGN,RED ORCHID,0.066815144766147,0.0400890868596882,0.6,2.4053571428571425,0.023422502864569126,1.876391982182628
146,RED RETROSPOT MINI CASES,RED ORCHID,0.066815144766147,0.0378619153674833,0.5666666666666667,2.2717261904761905,0.021195331372364224,1.732054137399349
147,CHARLOTTE BAG APPLES DESIGN,WHITE ORCHID,0.066815144766147,0.0334075723830735,0.5,3.8706896551724137,0.02477666281417255,1.7416481069042316
148,CHARLOTTE BAG APPLES DESIGN,GREEN ORCHID,0.066815144766147,0.0334075723830735,0.5,3.1180555555555554,0.022693339814782665,1.6792873051224944
149,CHARLOTTE BAG APPLES DESIGN,JUMBO BAG APPLES,0.066815144766147,0.031180400890868598,0.4666666666666666,7.4833333333333325,0.02701375489208883,1.7580734966592424
150,CHARLOTTE BAG APPLES DESIGN,RED ORCHID,0.066815144766147,0.031180400890868598,0.4666666666666666,3.4922222222222215,0.022251873750626237,1.6244432071269483
151,RED ORCHID,GREEN ORCHID,0.0645879732739421,0.0400890868596882,0.6206896551724138,3.8706896551724137,0.02973199537700706,2.2136059931160155
152,LUNCH BOX WITH CUTLERY RETROSPOT,RED ORCHID,0.0645879732739421,0.035634743875278395,0.5517241379310345,2.2118226600985222,0.019523712679996624,1.6743189994860372
153,LUNCH BOX WITH CUTLERY RETROSPOT,SKULL LUNCH BOX WITH CUTLERY,0.0645879732739421,0.0334075723830735,0.5172413793103449,8.932360742705571,0.02966751156988309,1.9514794782055362
154,LUNCH BOX WITH CUTLERY RETROSPOT,BONSAI JUNIPER,0.0645879732739421,0.0334075723830735,0.5172413793103449,6.4511494252873565,0.02822902664173293,1.9053452115812919
155,LUNCH BOX WITH CUTLERY RETROSPOT,GREEN ORCHID,0.0645879732739421,0.0334075723830735,0.5172413793103449,3.2255747126436782,0.023050480900392363,1.7392618517340122
156,JAM JAR WITH PINK LID,JAM JAR WITH GREEN LID,0.0645879732739421,0.0334075723830735,0.5172413793103449,14.515086206896553,0.031105996498033247,1.9976137448297806
157,JAM JAR WITH PINK LID,RED ORCHID,0.0645879732739421,0.031180400890868598,0.48275862068965514,1.9353448275862066,0.015069369695586827,1.4510764662212323
158,RED ORCHID,BONSAI DISZGALAGONYA,0.0645879732739421,0.031180400890868598,0.48275862068965514,6.773706896551724,0.026577249120788092,1.79554565701559
159,COFFEE MUG APPLES DESIGN,COFFEE MUG PEARS  DESIGN,0.062360801781737196,0.035634743875278395,0.5714285714285714,14.253968253968253,0.033134756276010535,2.2397921306607276
160,LUNCH BAG APPLE DESIGN,RED ORCHID,0.062360801781737196,0.035634743875278395,0.5714285714285714,2.290816326530612,0.02007926547983393,1.7512991833704528
161,BONSAI PINE,SUNFLOWER,0.062360801781737196,0.035634743875278395,0.5714285714285714,4.840970350404312,0.02827366927743414,2.0579064587973273
162,BONSAI PINE,RED ORCHID,0.062360801781737196,0.035634743875278395,0.5714285714285714,2.290816326530612,0.02007926547983393,1.7512991833704528
163,COFFEE MUG APPLES DESIGN,RED ORCHID,0.062360801781737196,0.0334075723830735,0.5357142857142857,2.1476403061224487,0.017852093987629034,1.6165838615727257
164,PACK OF 20 NAPKINS PANTRY DESIGN,RED ORCHID,0.062360801781737196,0.0334075723830735,0.5357142857142857,2.1476403061224487,0.017852093987629034,1.6165838615727257
165,RETROSPOT PARTY BAG + STICKER SET,WOODLAND PARTY BAG + STICKER SET,0.062360801781737196,0.031180400890868598,0.5,7.241935483870968,0.026874866692129504,1.8619153674832962
166,JUMBO BAG APPLES,CHARLOTTE BAG APPLES DESIGN,0.062360801781737196,0.031180400890868598,0.5,7.4833333333333325,0.02701375489208883,1.866369710467706
167,PACK OF 20 NAPKINS RED APPLES,RED ORCHID,0.060133630289532294,0.0378619153674833,0.6296296296296297,2.5241402116402116,0.02286198977187613,2.0265033407572384
168,WHITE ORCHID,RED ORCHID,0.060133630289532294,0.031180400890868598,0.5185185185185185,2.0787037037037037,0.016180475295261433,1.558848723659414
169,SET/6 RED SPOTTY PAPER PLATES,SET/6 RED SPOTTY PAPER CUPS,0.05790645879732739,0.0467706013363029,0.8076923076923077,15.110576923076923,0.043675378594352214,4.922048997772829
170,RED ORCHID,GREEN ORCHID,0.05790645879732739,0.042316258351893093,0.7307692307692307,4.557158119658119,0.03303059012604104,3.1186764237989175
171,RED ORCHID,BONSAI PINE,0.05790645879732739,0.0400890868596882,0.6923076923076924,4.934065934065934,0.03196412716206765,2.7939866369710478
172,SKULL LUNCH BOX WITH CUTLERY,LUNCH BOX WITH CUTLERY RETROSPOT,0.05790645879732739,0.0334075723830735,0.576923076923077,8.932360742705571,0.02966751156988309,2.210973881352501
173,SKULL LUNCH BOX WITH CUTLERY,BONSAI JUNIPER,0.05790645879732739,0.031180400890868598,0.5384615384615385,6.715811965811967,0.02653756677794257,1.9929472902746848
174,SET/6 RED SPOTTY PAPER CUPS,SET/6 RED SPOTTY PAPER PLATES,0.053452115812917596,0.0467706013363029,0.875,15.110576923076923,0.043675378594352214,7.536748329621381
175,WHITE SPOT RED CERAMIC DRAWER KNOB,RED STRIPE CERAMIC DRAWER KNOB,0.053452115812917596,0.0334075723830735,0.625,13.363095238095237,0.03090758478380564,2.541945063103192
176,GREEN ORCHID,RED ORCHID,0.051224944320712694,0.042316258351893093,0.8260869565217391,3.311723602484472,0.029538543955635137,4.315701559020044
177,CHILDRENS CUTLERY DOLLY GIRL,CHILDRENS CUTLERY SPACEBOY,0.051224944320712694,0.0400890868596882,0.782608695652174,15.972332015810279,0.03757917867470896,4.374610244988864
178,BONSAI PINE,RED ORCHID,0.04899777282850779,0.042316258351893093,0.8636363636363636,3.4622564935064934,0.030094096755472442,5.5040831477357095
179,CHILDRENS CUTLERY SPACEBOY,CHILDRENS CUTLERY DOLLY GIRL,0.04899777282850779,0.0400890868596882,0.8181818181818182,15.972332015810277,0.03757917867470896,5.218262806236082
180,BLUE POLKADOT CUP,RED RETROSPOT CUP,0.04899777282850779,0.035634743875278395,0.7272727272727273,10.204545454545455,0.03214269770487249,3.405345211581292
181,WHITE RED ROSE,BONSAI PINE,0.04899777282850779,0.035634743875278395,0.7272727272727273,5.183261183261183,0.02875977797729178,3.1521900519673354
182,RED ORCHID,BONSAI PINE,0.04899777282850779,0.035634743875278395,0.7272727272727273,5.183261183261183,0.02875977797729178,3.1521900519673354
183,BLUE HARMONICA IN BOX,RED ORCHID,0.04899777282850779,0.0334075723830735,0.6818181818181819,2.73336038961039,0.02118541078665285,2.3588927776010187
184,SET OF 2 TEA TOWELS APPLE AND PEARS,RED ORCHID,0.04899777282850779,0.031180400890868598,0.6363636363636365,2.5511363636363638,0.018958239294447947,2.0640311804008915
185,GREEN ORCHID,RED ORCHID,0.0467706013363029,0.0400890868596882,0.8571428571428572,3.4362244897959187,0.02842247806310485,5.253897550111361
186,CHARLOTTE BAG SUKI DESIGN,WHITE ORCHID,0.0467706013363029,0.0378619153674833,0.8095238095238095,6.266830870279146,0.03182027866925263,4.5718262806236085
187,RED STRIPE CERAMIC DRAWER KNOB,WHITE SPOT RED CERAMIC DRAWER KNOB,0.0467706013363029,0.0334075723830735,0.7142857142857143,13.363095238095237,0.03090758478380564,3.3129175946547886
188,STORAGE TIN VINTAGE DOILY,SET OF 4 KNICK KNACK TINS DOILY,0.0467706013363029,0.0334075723830735,0.7142857142857143,9.16326530612245,0.0297617571341412,3.2271714922049
189,RED RETROSPOT PLATE,RED RETROSPOT CUP,0.0467706013363029,0.031180400890868598,0.6666666666666666,9.354166666666666,0.027847084091844783,2.7861915367483294
190,STORAGE TIN VINTAGE DOILY,SET OF 3 REGENCY CAKE TINS,0.0467706013363029,0.031180400890868598,0.6666666666666666,9.354166666666666,0.027847084091844783,2.7861915367483294
191,SPACEBOY CHILDRENS CUP,SPACEBOY CHILDRENS BOWL,0.044543429844097995,0.0378619153674833,0.85,20.08684210526316,0.03597700408232102,6.384558277654045
192,LUNCH BAG RED RETROSPOT,BONSAI ACER BUERGERIANUM,0.044543429844097995,0.0334075723830735,0.7500000000000001,9.354166666666668,0.029836161526976556,3.679287305122496
193,SPACEBOY CHILDRENS BOWL,SPACEBOY CHILDRENS CUP,0.042316258351893093,0.0378619153674833,0.8947368421052632,20.08684210526316,0.03597700408232102,9.07683741648107
194,GREEN ORCHID,RED ORCHID,0.0400890868596882,0.0378619153674833,0.9444444444444444,3.786210317460317,0.02786196497041185,13.510022271714917
195,COFFEE MUG PEARS  DESIGN,COFFEE MUG APPLES DESIGN,0.0400890868596882,0.035634743875278395,0.8888888888888888,14.253968253968253,0.033134756276010535,8.438752783964361
196,PINK  POLKADOT CUP,RED RETROSPOT CUP,0.0400890868596882,0.031180400890868598,0.7777777777777778,10.913194444444445,0.028323272205991044,4.179287305122495
197,RED ORCHID,GREEN ORCHID,0.0400890868596882,0.031180400890868598,0.7777777777777778,4.8503086419753085,0.0247518613498941,3.7783964365256124
198,JUMBO BAG PINK POLKADOT,JUMBO BAG RED RETROSPOT,0.035634743875278395,0.0334075723830735,0.9375000000000001,11.692708333333334,0.030550443698195946,14.717149220490004
199,JAM JAR WITH GREEN LID,JAM JAR WITH PINK LID,0.035634743875278395,0.0334075723830735,0.9375000000000001,14.515086206896552,0.031105996498033247,14.966592427616954
200,CHARLOTTE BAG APPLES DESIGN,RED ORCHID,0.0334075723830735,0.031180400890868598,0.9333333333333332,3.7416666666666663,0.022847108893309064,11.258351893095751
201,RED ORCHID,WHITE ORCHID,0.031180400890868598,0.031180400890868598,1.0,7.741379310344827,0.027152643092048154,inf
